Date,Time,Open,High,Low,Close,Up,Down
7/1/2020,09:35,1083,1105,1080.5,1096.96,266085,171277
7/1/2020,09:40,1097.16,1100.84,1090.59,1100.33,144351,146374
7/1/2020,09:45,1100.72,1117.28,1100.27,1110.44,199714,187722
7/1/2020,09:50,1110.12,1118,1106,1115.84,144147,146348
7/1/2020,09:55,1115.74,1116.19,1105,1108.02,96027,117973
7/1/2020,10:00,1108.35,1112.65,1103.92,1111.39,93657,95083
7/1/2020,10:05,1111.63,1115.58,1107.6,1111.65,81632,79424
7/1/2020,10:10,1112.44,1113.99,1108.72,1112,56905,55617
7/1/2020,10:15,1112.49,1114.99,1108.52,1111.95,60732,58931
7/1/2020,10:20,1111.29,1119.85,1110.94,1119.29,86991,108866
7/1/2020,10:25,1119.38,1122,1116,1120.61,104385,106870
7/1/2020,10:30,1120.7,1127,1119.5,1124.54,118060,90892
7/1/2020,10:35,1125.48,1130.95,1123.78,1128.59,88151,94727
7/1/2020,10:40,1128.89,1130.72,1124.75,1130.72,70378,74536
7/1/2020,10:45,1130.44,1135.33,1129.53,1133.81,92814,85633
7/1/2020,10:50,1134.51,1134.95,1128.59,1129.06,84013,88543
7/1/2020,10:55,1129,1132.99,1126.37,1132.5,64891,61778
7/1/2020,11:00,1132.65,1132.79,1130.09,1132.1,32862,30845
7/1/2020,11:05,1132.51,1132.51,1126.6,1128.02,38358,48285
7/1/2020,11:10,1128.02,1131.92,1126.38,1130.97,50724,50027
7/1/2020,11:15,1130.7,1131.2,1127.36,1131.2,41064,45943
7/1/2020,11:20,1131.24,1133.5,1129,1129.85,61807,52487
7/1/2020,11:25,1129.94,1131.5,1127.77,1129,35319,37825
7/1/2020,11:30,1129.5,1130.35,1125.5,1125.87,27628,44792
7/1/2020,11:35,1126.08,1126.65,1118.53,1118.57,66548,83767
7/1/2020,11:40,1118.58,1124.95,1117.84,1124.52,60183,52546
7/1/2020,11:45,1124.45,1126.88,1123.56,1125.8,43577,44501
7/1/2020,11:50,1125.72,1128.46,1125.39,1126.89,31648,33166
7/1/2020,11:55,1126.77,1129.9,1126.77,1128.81,28342,23746
7/1/2020,12:00,1129,1129.02,1123.63,1126.37,23857,27636
7/1/2020,12:05,1126.75,1127.9,1126.29,1126.29,19592,18977
7/1/2020,12:10,1126.81,1127.19,1124.75,1124.75,15471,17109
7/1/2020,12:15,1124.21,1125.59,1122.81,1123.42,15727,17604
7/1/2020,12:20,1123.65,1124.37,1121.25,1123.59,25969,27693
7/1/2020,12:25,1123.69,1123.8,1117.1,1118.73,29105,38067
7/1/2020,12:30,1118.97,1122.6,1118.5,1121.59,37709,34207
7/1/2020,12:35,1122.56,1125.18,1120.6,1123.25,22845,19311
7/1/2020,12:40,1123.39,1125.79,1122.33,1125.37,23611,18757
7/1/2020,12:45,1125.54,1126.16,1122.54,1123.01,15772,13840
7/1/2020,12:50,1123.02,1124.3,1118.59,1118.59,32208,27631
7/1/2020,12:55,1118.47,1121.48,1118.45,1120,24017,22249
7/1/2020,13:00,1120.45,1122.84,1120.07,1121.94,17757,14540
7/1/2020,13:05,1122.27,1122.5,1118.74,1120.2,11502,12774
7/1/2020,13:10,1120.21,1120.36,1111.43,1111.65,44028,61035
7/1/2020,13:15,1111.51,1114.5,1109.5,1112.12,51923,55027
7/1/2020,13:20,1112.41,1119.74,1112.02,1118.37,47627,45732
7/1/2020,13:25,1118.35,1121.41,1117.44,1121.11,41926,36486
7/1/2020,13:30,1121.37,1121.75,1113,1115.7,37258,37465
7/1/2020,13:35,1115.54,1117.16,1114.01,1116.75,21995,18832
7/1/2020,13:40,1116.71,1116.71,1107.51,1110.7,36043,52609
7/1/2020,13:45,1110.57,1112.94,1108.5,1109.14,24182,31781
7/1/2020,13:50,1109.28,1113.95,1108.13,1112.73,44727,43815
7/1/2020,13:55,1112.54,1115.5,1111.16,1112.05,33244,34333
7/1/2020,14:00,1111.75,1113.68,1110.5,1111.92,20052,26942
7/1/2020,14:05,1111.75,1113.72,1110.51,1112.28,22930,15887
7/1/2020,14:10,1112.32,1113.5,1109.94,1113.06,22640,18584
7/1/2020,14:15,1112.89,1117.46,1112.87,1116.53,33360,25249
7/1/2020,14:20,1117.08,1121,1115.66,1120.86,49136,43561
7/1/2020,14:25,1120.71,1125,1120,1125,52008,58308
7/1/2020,14:30,1124.99,1127.95,1124.5,1124.78,51173,50705
7/1/2020,14:35,1124.57,1126,1121,1122.01,40824,47640
7/1/2020,14:40,1122.62,1123,1118.6,1120.8,30831,30484
7/1/2020,14:45,1120.75,1123.96,1120,1120.27,26335,28868
7/1/2020,14:50,1120.2,1123.5,1119.25,1121.98,21189,16458
7/1/2020,14:55,1121.56,1124.76,1120.48,1123.05,16609,13756
7/1/2020,15:00,1123.1,1124.61,1120.5,1121.78,25555,25068
7/1/2020,15:05,1122.45,1124.41,1120.11,1121.44,19736,25780
7/1/2020,15:10,1121.55,1121.59,1115.68,1117.24,39984,44761
7/1/2020,15:15,1117.77,1119.16,1113.79,1116.6,30022,44782
7/1/2020,15:20,1116.76,1121.4,1116.52,1121.33,38433,39190
7/1/2020,15:25,1120.75,1122.29,1118.68,1121.97,29904,27157
7/1/2020,15:30,1122.16,1123.37,1120.2,1122.87,29488,28445
7/1/2020,15:35,1123.35,1124.5,1120.85,1122,41465,38779
7/1/2020,15:40,1122.2,1122.38,1117.5,1120.7,36365,41357
7/1/2020,15:45,1120.73,1121.45,1119,1120.68,30005,22480
7/1/2020,15:50,1120.68,1124.44,1119.91,1123,50607,41492
7/1/2020,15:55,1123.07,1124.37,1120.13,1120.82,41908,34059
7/1/2020,16:00,1120.3,1121.47,1115,1119.54,83676,83781
7/2/2020,09:35,1220.88,1228,1197,1225,484479,380300
7/2/2020,09:40,1223.66,1225,1210,1214.72,193297,193267
7/2/2020,09:45,1215.24,1221.62,1208.84,1210.35,160279,186365
7/2/2020,09:50,1211,1215.69,1205.15,1208.79,113623,126835
7/2/2020,09:55,1208.99,1210.35,1196.61,1203.41,148453,164329
7/2/2020,10:00,1203.11,1209.92,1201.17,1206.14,101170,101893
7/2/2020,10:05,1206.46,1217.85,1204.01,1216.34,124739,108909
7/2/2020,10:10,1216.78,1219.89,1210.64,1216.18,106615,95759
7/2/2020,10:15,1216,1217.29,1208.7,1210.81,65580,75850
7/2/2020,10:20,1211.03,1213.64,1208.56,1210.4,66432,64375
7/2/2020,10:25,1210.27,1216,1209.87,1214.38,87975,64720
7/2/2020,10:30,1214.58,1215,1204.53,1205.44,63555,97938
7/2/2020,10:35,1206.21,1210.8,1202.2,1205.28,65914,76272
7/2/2020,10:40,1205,1206.56,1195.55,1198.48,94929,108744
7/2/2020,10:45,1198.94,1207.25,1198.22,1204.66,95672,75840
7/2/2020,10:50,1204.87,1206.13,1199,1200.17,47474,54773
7/2/2020,10:55,1200.54,1204.57,1194.38,1198.43,135201,79788
7/2/2020,11:00,1198.27,1199,1191,1194.41,79284,92807
7/2/2020,11:05,1194.35,1194.48,1185.98,1187.62,83134,140016
7/2/2020,11:10,1187.88,1196,1185.6,1193.11,101368,92991
7/2/2020,11:15,1193.65,1194,1189.72,1190.91,59671,56902
7/2/2020,11:20,1190.88,1199.55,1187.35,1199,85962,69812
7/2/2020,11:25,1198.5,1199.8,1194.18,1197.98,70206,55744
7/2/2020,11:30,1197.68,1199.58,1193.38,1195.5,39425,44577
7/2/2020,11:35,1195.78,1197.31,1190.84,1193.03,38261,42780
7/2/2020,11:40,1193.85,1197.7,1192.35,1196.69,33221,39657
7/2/2020,11:45,1196.42,1203.53,1195.13,1203.46,66727,51470
7/2/2020,11:50,1203.46,1206.98,1201.51,1203.21,73216,69657
7/2/2020,11:55,1203.55,1206.32,1201.66,1203.15,36683,33131
7/2/2020,12:00,1203.36,1203.68,1200.21,1202.15,25283,25703
7/2/2020,12:05,1202.15,1204.35,1199.87,1202.81,35552,35489
7/2/2020,12:10,1202.5,1208,1201.71,1206.84,53375,40898
7/2/2020,12:15,1207,1210,1207,1208.39,61584,59432
7/2/2020,12:20,1207.9,1209.5,1205,1208.75,36249,37279
7/2/2020,12:25,1209,1209.02,1206.18,1207.04,25945,24023
7/2/2020,12:30,1206.78,1209.3,1206,1208.58,30333,27192
7/2/2020,12:35,1208.72,1211.99,1207.85,1210.96,64262,54024
7/2/2020,12:40,1211,1212,1208.7,1211.05,37938,40874
7/2/2020,12:45,1211.41,1214,1210.08,1213.83,57822,37434
7/2/2020,12:50,1213.93,1215.37,1211.4,1213.08,52277,55617
7/2/2020,12:55,1213.08,1213.19,1203,1204.56,38695,46386
7/2/2020,13:00,1204.86,1207.5,1203.4,1205.2,44020,41574
7/2/2020,13:05,1206,1208.5,1203.32,1205.86,38308,34316
7/2/2020,13:10,1205.77,1206.51,1201,1201.88,19684,36710
7/2/2020,13:15,1201.54,1203.35,1198.37,1200.31,32888,48517
7/2/2020,13:20,1200.8,1204.19,1199.77,1203.37,27151,24113
7/2/2020,13:25,1203.18,1206.35,1202.43,1203.73,35373,33250
7/2/2020,13:30,1203.55,1203.55,1199.56,1201.56,19594,21747
7/2/2020,13:35,1202.06,1202.8,1201.13,1201.62,15201,14551
7/2/2020,13:40,1201.65,1201.9,1199.11,1201.56,25345,23737
7/2/2020,13:45,1201.34,1202.49,1200,1200.92,28858,22954
7/2/2020,13:50,1201.13,1203.41,1200,1202.94,27083,22793
7/2/2020,13:55,1203.09,1203.21,1200.7,1202.41,15712,17218
7/2/2020,14:00,1201.89,1203,1198.85,1199.49,17947,26845
7/2/2020,14:05,1199.25,1203,1199.25,1202.37,27033,17472
7/2/2020,14:10,1202.33,1203.03,1200.72,1202,20426,20328
7/2/2020,14:15,1201.64,1206.97,1201.64,1205.43,55544,45485
7/2/2020,14:20,1205.61,1206.03,1204.5,1204.76,18677,23585
7/2/2020,14:25,1204.58,1208.1,1204.2,1207.14,30727,23746
7/2/2020,14:30,1207.07,1208.5,1206.44,1207.75,22660,22470
7/2/2020,14:35,1207.54,1207.94,1205.1,1206.73,14751,18926
7/2/2020,14:40,1206.77,1207.1,1204.85,1207,17424,19157
7/2/2020,14:45,1207,1211.08,1206.76,1210.56,64697,60496
7/2/2020,14:50,1211.03,1212,1209.37,1211.94,34190,32465
7/2/2020,14:55,1211.86,1214.95,1211.29,1213.26,59228,57251
7/2/2020,15:00,1213.28,1214.16,1210.61,1211.83,35384,41303
7/2/2020,15:05,1212,1212.43,1205.28,1207.19,56465,71410
7/2/2020,15:10,1207.42,1208.99,1206.01,1207.53,32213,29841
7/2/2020,15:15,1207.55,1210.72,1206.73,1210.23,38856,32667
7/2/2020,15:20,1210.13,1210.79,1207.29,1208.68,24945,30993
7/2/2020,15:25,1208.82,1214.4,1208.74,1213.85,62162,47567
7/2/2020,15:30,1213.81,1214.05,1209.21,1211.12,35329,42681
7/2/2020,15:35,1210.93,1214,1210.69,1211.62,41851,46741
7/2/2020,15:40,1211.77,1212.8,1208.56,1208.73,36217,40371
7/2/2020,15:45,1209.2,1210.92,1208.73,1209.6,39474,37679
7/2/2020,15:50,1209.88,1212.66,1209.59,1211.96,41156,35732
7/2/2020,15:55,1211.55,1212.79,1207.26,1207.31,43191,52769
7/2/2020,16:00,1207.49,1208.8,1206.4,1208.8,91118,88419
7/6/2020,09:35,1275.36,1284.27,1266.04,1281.71,331257,193819
7/6/2020,09:40,1281.41,1282.45,1272.13,1274.99,113402,118329
7/6/2020,09:45,1275.18,1294,1270,1292.54,194648,155733
7/6/2020,09:50,1292.94,1298,1288.35,1293,161243,154134
7/6/2020,09:55,1293.48,1297.94,1286.67,1297.65,107624,109420
7/6/2020,10:00,1297.5,1304,1294.3,1302.9,148650,120528
7/6/2020,10:05,1303.9,1308.44,1300,1306.92,133364,129296
7/6/2020,10:10,1306.66,1309.75,1298.08,1301.71,104640,114563
7/6/2020,10:15,1301.7,1305.95,1297,1299.72,70988,91410
7/6/2020,10:20,1300.29,1302.39,1294,1294.8,53424,64902
7/6/2020,10:25,1294.95,1299.88,1291.56,1296.14,68157,73604
7/6/2020,10:30,1295.95,1303,1294,1302.7,70254,55534
7/6/2020,10:35,1302.31,1304.4,1298,1301.3,54676,52850
7/6/2020,10:40,1301.01,1301.87,1298,1299.01,36532,37782
7/6/2020,10:45,1299.53,1303,1297.49,1300.16,44571,38185
7/6/2020,10:50,1300.64,1302.48,1299.5,1301.94,36270,38489
7/6/2020,10:55,1301.82,1303.19,1298.7,1301.6,35056,31907
7/6/2020,11:00,1301.46,1307.89,1300.91,1307.11,76673,61427
7/6/2020,11:05,1307.63,1316.9,1306.2,1316.13,128048,106420
7/6/2020,11:10,1315.85,1318,1312.33,1317.39,75652,82288
7/6/2020,11:15,1316.85,1319,1312,1313.5,77088,77787
7/6/2020,11:20,1313.53,1316,1312,1315.77,54278,50660
7/6/2020,11:25,1315.69,1320.94,1314.14,1320,52907,43603
7/6/2020,11:30,1320.57,1326,1320,1322.6,101759,96011
7/6/2020,11:35,1322.74,1328.2,1321.78,1327,98960,71977
7/6/2020,11:40,1327.43,1338.42,1327.4,1335.44,144729,138202
7/6/2020,11:45,1335.24,1342,1334.04,1339.11,120342,116780
7/6/2020,11:50,1339.12,1341.34,1331.51,1331.51,76185,100721
7/6/2020,11:55,1331.92,1333,1326.77,1331.02,83033,100823
7/6/2020,12:00,1331.06,1331.42,1326,1326.57,51367,59206
7/6/2020,12:05,1326.25,1330.99,1323.26,1327.01,72591,120431
7/6/2020,12:10,1327,1327.67,1319.11,1321.2,47156,60898
7/6/2020,12:15,1321.21,1328.88,1318,1328.47,73468,60750
7/6/2020,12:20,1328.42,1330.5,1326,1327.36,53196,54089
7/6/2020,12:25,1327.44,1329.6,1320.05,1322.14,51926,60679
7/6/2020,12:30,1322.41,1333,1322.41,1331.38,65340,38431
7/6/2020,12:35,1331.35,1332.98,1326.59,1327.75,40531,44821
7/6/2020,12:40,1326.76,1331.05,1326.76,1329.61,30755,26379
7/6/2020,12:45,1329.92,1332.92,1328,1331.04,24452,27875
7/6/2020,12:50,1330.84,1330.84,1325.5,1327.74,30815,32627
7/6/2020,12:55,1327.98,1329,1324.56,1327.76,18691,23829
7/6/2020,13:00,1327.5,1327.62,1322.63,1322.63,25528,28290
7/6/2020,13:05,1322.63,1327.13,1321,1326.74,34585,30786
7/6/2020,13:10,1326.6,1327.24,1322.78,1323.96,14620,19937
7/6/2020,13:15,1324.17,1327.64,1323.33,1326.37,34495,29050
7/6/2020,13:20,1326.21,1328,1324.49,1327.05,33939,32547
7/6/2020,13:25,1327.14,1327.45,1324.45,1327.45,26722,24573
7/6/2020,13:30,1327.19,1332.64,1326.75,1332.64,69171,51574
7/6/2020,13:35,1332.32,1334.95,1328.79,1329.41,54757,54371
7/6/2020,13:40,1329.34,1330,1325.58,1327.59,19348,25389
7/6/2020,13:45,1327.43,1331.25,1327,1329.76,42302,29487
7/6/2020,13:50,1330,1330.43,1326.42,1327.23,23803,20316
7/6/2020,13:55,1327.47,1328.15,1324.59,1325.42,26000,37152
7/6/2020,14:00,1325.76,1327.03,1324.57,1325.96,25882,23710
7/6/2020,14:05,1325.93,1326,1322,1323.83,31623,30100
7/6/2020,14:10,1323.83,1324.11,1317,1320.94,37408,54026
7/6/2020,14:15,1320.55,1322.4,1314.03,1315.66,32454,43804
7/6/2020,14:20,1315.4,1315.63,1307.99,1314.5,79443,94923
7/6/2020,14:25,1314.95,1318.62,1308.65,1318.15,57970,59469
7/6/2020,14:30,1318.44,1322,1316.26,1321.33,59250,55434
7/6/2020,14:35,1321.63,1328,1320.7,1324.78,75912,67628
7/6/2020,14:40,1324.83,1328,1324.57,1325.61,37479,38023
7/6/2020,14:45,1326,1327.27,1322.12,1324.18,25704,26475
7/6/2020,14:50,1325,1327.5,1323.8,1325.42,24476,23968
7/6/2020,14:55,1325.75,1326.02,1322.6,1324.5,22336,28594
7/6/2020,15:00,1324.65,1330,1321.54,1328.92,64510,42222
7/6/2020,15:05,1328.57,1331.5,1324.16,1328.26,57906,51073
7/6/2020,15:10,1328.36,1331,1327.33,1329.46,30087,32024
7/6/2020,15:15,1329.57,1337.51,1328.66,1337.35,91393,68500
7/6/2020,15:20,1337.35,1345,1335.44,1343.59,117155,96610
7/6/2020,15:25,1343.27,1347.79,1339.66,1345.38,83895,87200
7/6/2020,15:30,1345.4,1345.45,1338.9,1342.57,57111,59605
7/6/2020,15:35,1342.64,1344.48,1340.48,1343.23,46178,44051
7/6/2020,15:40,1343.22,1350,1343.05,1349.73,102433,84478
7/6/2020,15:45,1349.49,1359,1349.19,1355.26,144661,132048
7/6/2020,15:50,1355.27,1365.63,1354.75,1365.5,120741,101412
7/6/2020,15:55,1365.5,1373.55,1365.28,1373.07,142011,140304
7/6/2020,16:00,1372.77,1377.79,1369.91,1371,180291,165891
7/7/2020,09:35,1405.01,1429.5,1388,1429.15,443155,266469
7/7/2020,09:40,1428.36,1429.42,1370,1381.06,251641,310487
7/7/2020,09:45,1380.85,1410.04,1378,1403.44,194378,196845
7/7/2020,09:50,1404.17,1410,1394.01,1399.23,117956,138149
7/7/2020,09:55,1399.14,1399.14,1379,1381.42,105399,131912
7/7/2020,10:00,1381.38,1392.55,1363.03,1363.03,123488,135864
7/7/2020,10:05,1364.75,1382.33,1355.1,1356.22,140758,150323
7/7/2020,10:10,1356.37,1360,1336.71,1344.89,204912,237291
7/7/2020,10:15,1345.16,1370.79,1338.95,1368.02,161389,146122
7/7/2020,10:20,1368.48,1383.97,1361.16,1377.99,123902,135674
7/7/2020,10:25,1378.59,1383.99,1371.37,1383.74,82724,69873
7/7/2020,10:30,1381.88,1383.47,1367,1371.8,61822,71300
7/7/2020,10:35,1371.3,1382.04,1367.07,1371.61,52377,59186
7/7/2020,10:40,1370.82,1375.16,1363.16,1363.16,57479,55977
7/7/2020,10:45,1363.16,1371,1360.34,1368.73,48954,50898
7/7/2020,10:50,1367.8,1383.11,1363.72,1380,85413,70711
7/7/2020,10:55,1380.14,1395.32,1379.81,1393.2,138096,95775
7/7/2020,11:00,1392.57,1394.42,1385,1388.58,56745,72083
7/7/2020,11:05,1388.16,1392.38,1382.68,1391.73,55813,66697
7/7/2020,11:10,1391,1398,1390.67,1396.6,76176,73504
7/7/2020,11:15,1397.3,1405,1397.25,1402.1,96492,75790
7/7/2020,11:20,1401.87,1409.62,1399.3,1406.42,70834,65659
7/7/2020,11:25,1406.42,1412.88,1403.5,1410.32,96241,71803
7/7/2020,11:30,1409.59,1419.8,1408.12,1418.15,116688,103784
7/7/2020,11:35,1417.41,1423,1405.15,1405.15,131459,150070
7/7/2020,11:40,1405.66,1411.3,1396.78,1398.44,99975,107188
7/7/2020,11:45,1397.59,1409.28,1397.24,1407.78,87335,69953
7/7/2020,11:50,1407.77,1408.26,1401.17,1404.73,32016,38933
7/7/2020,11:55,1404.32,1406,1398.59,1399.77,27427,39448
7/7/2020,12:00,1399.73,1402.66,1395,1399.27,35473,37323
7/7/2020,12:05,1399.65,1407.66,1399.07,1400.01,47659,43709
7/7/2020,12:10,1401.72,1404.59,1399.24,1401.44,25128,26217
7/7/2020,12:15,1401,1403.4,1397.51,1398.71,23869,33326
7/7/2020,12:20,1398.72,1399.48,1391.2,1399,28566,39142
7/7/2020,12:25,1399,1399,1384.65,1385,39310,53307
7/7/2020,12:30,1384.36,1392.61,1384.36,1390.62,48924,48839
7/7/2020,12:35,1390,1396.64,1388.56,1395,28853,41795
7/7/2020,12:40,1394.71,1399.6,1394,1398.12,36218,27899
7/7/2020,12:45,1398.03,1399.5,1389,1390.03,33474,33575
7/7/2020,12:50,1389.03,1395.75,1387,1394.61,30518,31446
7/7/2020,12:55,1394.5,1395.6,1391.04,1393.75,24691,25337
7/7/2020,13:00,1393.36,1406,1393.36,1405.84,75256,52909
7/7/2020,13:05,1405.52,1409,1403.5,1407,57273,47056
7/7/2020,13:10,1407.07,1410,1397.35,1398.35,52979,75884
7/7/2020,13:15,1398.56,1400.98,1394.1,1399.39,31416,29360
7/7/2020,13:20,1400.69,1403.42,1399.36,1401.1,37830,38489
7/7/2020,13:25,1400.81,1402,1398,1399.56,16078,19059
7/7/2020,13:30,1399.55,1400.48,1395.5,1397.35,32692,30169
7/7/2020,13:35,1396.62,1400.1,1393.03,1399.06,39904,34662
7/7/2020,13:40,1398.54,1398.79,1394.39,1395,21890,25241
7/7/2020,13:45,1394.68,1404.9,1393.71,1404.9,46146,36157
7/7/2020,13:50,1404.89,1405.7,1400.34,1401.43,33565,33375
7/7/2020,13:55,1402,1404.09,1397.09,1397.84,30831,37326
7/7/2020,14:00,1398.93,1401.83,1398,1400.66,24807,24903
7/7/2020,14:05,1400.32,1400.54,1395.1,1396.55,22189,31360
7/7/2020,14:10,1397.51,1403,1394.7,1400.01,35653,29485
7/7/2020,14:15,1399.68,1404,1399.68,1402.58,27369,18110
7/7/2020,14:20,1402,1402.6,1397,1397.18,22411,26966
7/7/2020,14:25,1397.19,1398.94,1395,1397.2,21071,29534
7/7/2020,14:30,1397.34,1399,1394.6,1396.56,20605,29622
7/7/2020,14:35,1396.21,1396.56,1386.21,1391.69,42810,61500
7/7/2020,14:40,1392.02,1392.12,1376.66,1379.34,67767,73126
7/7/2020,14:45,1378.8,1393,1377.92,1391.23,58197,48064
7/7/2020,14:50,1392,1392,1384.1,1385.16,31600,41218
7/7/2020,14:55,1385.01,1385.12,1371,1371.42,46210,64167
7/7/2020,15:00,1371.63,1385,1370.77,1383,66354,49273
7/7/2020,15:05,1382.51,1383.79,1373.79,1375.06,36463,34967
7/7/2020,15:10,1376.15,1383,1375.27,1376.57,38504,41828
7/7/2020,15:15,1375.89,1380.52,1366,1368.29,45189,64732
7/7/2020,15:20,1367.82,1378,1366.14,1376,47918,46089
7/7/2020,15:25,1376,1384.99,1374.03,1383.16,61944,53439
7/7/2020,15:30,1382.86,1383.68,1377,1379.83,26547,31001
7/7/2020,15:35,1380.89,1394,1379,1391.01,69379,63599
7/7/2020,15:40,1391.12,1398.14,1389.2,1395.94,70798,58820
7/7/2020,15:45,1396.34,1404.84,1392.28,1397.99,84899,86485
7/7/2020,15:50,1398,1398.26,1391.9,1395,36407,46567
7/7/2020,15:55,1396,1396.5,1387.2,1388.49,50215,57912
7/7/2020,16:00,1388.38,1394,1387.11,1389.69,87725,72587
7/8/2020,09:35,1405,1417.26,1402.1,1411.86,253368,166176
7/8/2020,09:40,1411.85,1415,1398.22,1406.46,100009,131793
7/8/2020,09:45,1406.02,1407.13,1389,1395.22,89268,126348
7/8/2020,09:50,1395.38,1405.73,1394.26,1403.83,92021,88156
7/8/2020,09:55,1403.76,1407,1398,1398.93,56572,65268
7/8/2020,10:00,1398.72,1402.4,1394,1396.94,52732,59080
7/8/2020,10:05,1397.49,1405.5,1394,1401.75,79427,57892
7/8/2020,10:10,1402.32,1412,1402.32,1410.6,102870,83426
7/8/2020,10:15,1410.64,1410.96,1402.6,1405.67,49878,52318
7/8/2020,10:20,1405.08,1405.08,1399,1402.2,46581,60394
7/8/2020,10:25,1402.26,1406,1398.02,1402.11,46184,50483
7/8/2020,10:30,1402,1402.67,1394,1397.95,45640,75306
7/8/2020,10:35,1397.17,1401.81,1396.02,1399.12,34789,28199
7/8/2020,10:40,1399.62,1404.06,1397,1402.11,44138,33870
7/8/2020,10:45,1402.51,1404.31,1398,1399.02,44045,48114
7/8/2020,10:50,1398.51,1399.23,1394.4,1398,35426,48072
7/8/2020,10:55,1397,1398.41,1391.01,1393.78,32415,44202
7/8/2020,11:00,1393.24,1395.79,1388.31,1394.33,57631,68835
7/8/2020,11:05,1394.98,1396.5,1387,1388.72,41850,42877
7/8/2020,11:10,1388.63,1393,1385.13,1386,41748,50599
7/8/2020,11:15,1386.44,1396.5,1385.3,1396.5,63415,54801
7/8/2020,11:20,1396.58,1397.22,1390.22,1391.47,33659,37474
7/8/2020,11:25,1391.87,1392.58,1381.09,1386.37,54092,67739
7/8/2020,11:30,1386.92,1389,1381.03,1388.92,52034,45500
7/8/2020,11:35,1388.31,1393,1386.27,1391.49,38492,41534
7/8/2020,11:40,1392.21,1394.39,1390.08,1392.5,38050,31714
7/8/2020,11:45,1392.98,1398.89,1392.5,1396.4,43284,37645
7/8/2020,11:50,1396.39,1399.88,1393.38,1396.65,43548,42904
7/8/2020,11:55,1396.55,1398,1393,1397.24,20736,23824
7/8/2020,12:00,1396.71,1398.5,1394.8,1397.77,30235,27481
7/8/2020,12:05,1398.23,1399.1,1393,1394.94,25455,28606
7/8/2020,12:10,1395.1,1397.56,1393,1393.4,25356,24067
7/8/2020,12:15,1393.65,1396.36,1390.65,1390.65,15433,17478
7/8/2020,12:20,1390.5,1394.7,1390,1394.7,19780,15044
7/8/2020,12:25,1394.95,1396,1392.84,1394.85,17892,18976
7/8/2020,12:30,1395.07,1396.63,1393.17,1393.17,16138,22294
7/8/2020,12:35,1393.65,1396,1392.18,1392.69,16630,9291
7/8/2020,12:40,1392.17,1394.44,1391.56,1391.7,8616,9598
7/8/2020,12:45,1391.58,1391.94,1387.81,1389.75,17665,29834
7/8/2020,12:50,1389.91,1391.23,1385.89,1386.86,21770,25930
7/8/2020,12:55,1387.8,1389.38,1386.6,1388.42,15951,13813
7/8/2020,13:00,1388.56,1394.05,1388,1392.03,40150,36628
7/8/2020,13:05,1392.17,1393.87,1389.76,1390.12,19360,24653
7/8/2020,13:10,1390.2,1391.95,1389.38,1391.14,15387,11417
7/8/2020,13:15,1390.5,1390.81,1387.8,1388,10885,14684
7/8/2020,13:20,1388.08,1389.74,1386,1386.72,30581,27738
7/8/2020,13:25,1387.02,1388.45,1385,1385.57,19273,27237
7/8/2020,13:30,1385.64,1388.8,1383.68,1388.04,28048,22666
7/8/2020,13:35,1388.17,1390.47,1387.49,1388.65,18300,20401
7/8/2020,13:40,1388.57,1390.5,1388,1389.61,16863,13076
7/8/2020,13:45,1388.9,1389,1381.01,1381.5,28145,44698
7/8/2020,13:50,1381.51,1383.28,1376.2,1381,53560,67270
7/8/2020,13:55,1381.5,1381.8,1373,1373.46,34062,44509
7/8/2020,14:00,1373,1376.01,1368.3,1371.07,63985,70978
7/8/2020,14:05,1370.78,1378.08,1370,1373.01,50764,50383
7/8/2020,14:10,1372.97,1374.04,1369.11,1373.56,48058,48224
7/8/2020,14:15,1373.53,1375.39,1365.33,1367,39849,56382
7/8/2020,14:20,1365.99,1370,1363.01,1363.29,60571,62258
7/8/2020,14:25,1363.28,1368.99,1360,1367.24,57621,65461
7/8/2020,14:30,1367.07,1367.92,1362.75,1367.31,52696,63306
7/8/2020,14:35,1366.94,1366.94,1351.11,1351.73,59366,89481
7/8/2020,14:40,1351.13,1360.33,1350.51,1356.63,71895,55703
7/8/2020,14:45,1357.14,1357.48,1350.43,1356.19,45879,47328
7/8/2020,14:50,1356.88,1356.88,1339,1344.16,92387,134446
7/8/2020,14:55,1344.11,1344.94,1311.34,1315,206232,259820
7/8/2020,15:00,1314.99,1341.5,1313.8,1339.96,222565,181657
7/8/2020,15:05,1340.43,1346.4,1330.12,1346.31,164582,135297
7/8/2020,15:10,1345.83,1350,1342,1345.78,100664,90498
7/8/2020,15:15,1345.04,1353.75,1344.01,1351.99,83046,68201
7/8/2020,15:20,1352.85,1358.8,1351.55,1357.82,111973,88938
7/8/2020,15:25,1357.52,1365,1355,1364.3,79499,67867
7/8/2020,15:30,1363.93,1365.63,1357.53,1359.39,78253,85677
7/8/2020,15:35,1359.26,1364,1355.5,1363,70678,66091
7/8/2020,15:40,1362.95,1364.9,1353.63,1359.28,52797,58989
7/8/2020,15:45,1358.72,1360.32,1354.6,1355.4,32511,34267
7/8/2020,15:50,1355.18,1365.89,1354.56,1365.42,63057,49508
7/8/2020,15:55,1365.06,1371.22,1364.86,1369.85,120215,96004
7/8/2020,16:00,1370.18,1370.59,1364.42,1365.81,78442,85970
7/9/2020,09:35,1396.99,1408.56,1387,1403.06,199964,224942
7/9/2020,09:40,1402.01,1406.13,1382.05,1390.92,129155,148775
7/9/2020,09:45,1391.55,1394,1384.02,1384.59,74377,77624
7/9/2020,09:50,1384.67,1387.88,1375.1,1380.85,73249,91500
7/9/2020,09:55,1380.37,1393.67,1379.81,1393.04,84024,69820
7/9/2020,10:00,1392.4,1392.95,1385.73,1390,48709,51112
7/9/2020,10:05,1390.35,1391.56,1382,1384.64,34788,41995
7/9/2020,10:10,1384.61,1388.48,1383.92,1384.5,28508,36559
7/9/2020,10:15,1384.5,1386,1376.31,1380.72,49305,61336
7/9/2020,10:20,1380.49,1380.73,1370.02,1376,47431,66693
7/9/2020,10:25,1375.96,1385.62,1374.84,1380.07,59999,59268
7/9/2020,10:30,1379.63,1385.51,1379.19,1382.78,33119,30377
7/9/2020,10:35,1383.22,1387,1380.79,1382.47,35357,30647
7/9/2020,10:40,1383.54,1384.84,1376.11,1377.87,24364,39841
7/9/2020,10:45,1378.06,1378.49,1369.87,1371.09,41058,68599
7/9/2020,10:50,1370.54,1378.56,1368.02,1373.81,60578,54406
7/9/2020,10:55,1373.51,1378.11,1372.27,1373.14,35748,33513
7/9/2020,11:00,1374.47,1374.47,1359.6,1360.08,62890,98819
7/9/2020,11:05,1359.74,1363.69,1353.13,1353.64,69626,81319
7/9/2020,11:10,1353.83,1367.49,1351.28,1367,101190,71574
7/9/2020,11:15,1366.59,1368,1359.43,1362.78,77672,55656
7/9/2020,11:20,1362.78,1365.41,1352.22,1352.87,39073,38650
7/9/2020,11:25,1353.04,1365.81,1353.04,1363.96,61447,43658
7/9/2020,11:30,1364,1369,1358.29,1368.83,41053,34531
7/9/2020,11:35,1368.97,1374.54,1367.66,1372.43,66348,48657
7/9/2020,11:40,1372.42,1376.26,1370.3,1371.68,35543,38537
7/9/2020,11:45,1372.04,1372.99,1364.05,1368.93,36431,39245
7/9/2020,11:50,1368.23,1375.38,1367.11,1373.92,42149,28465
7/9/2020,11:55,1373.42,1379.13,1371.75,1379.13,41769,31838
7/9/2020,12:00,1378.44,1378.8,1373.71,1375.2,24074,24815
7/9/2020,12:05,1375.62,1379.25,1374.52,1377.45,35177,30616
7/9/2020,12:10,1377.11,1380,1377.09,1380,38967,25525
7/9/2020,12:15,1380.22,1383.72,1373.21,1374.63,35967,40607
7/9/2020,12:20,1375,1378.43,1374.74,1376.6,22051,25205
7/9/2020,12:25,1376.76,1378.43,1374.22,1376.73,10419,22677
7/9/2020,12:30,1377.05,1377.5,1369.27,1372.08,16427,34251
7/9/2020,12:35,1372.62,1374.72,1370.1,1371.15,10968,9319
7/9/2020,12:40,1370.75,1374.35,1369.88,1371.15,7865,14502
7/9/2020,12:45,1371.02,1374.95,1370,1373.36,12843,17507
7/9/2020,12:50,1373.45,1379.57,1373.45,1378.4,29086,18372
7/9/2020,12:55,1378.42,1380,1376.02,1376.02,20721,19202
7/9/2020,13:00,1376,1377.42,1373.63,1376,16305,17051
7/9/2020,13:05,1376.15,1379.39,1374.41,1378,19009,17451
7/9/2020,13:10,1377.44,1378.11,1375.23,1377.48,6283,12039
7/9/2020,13:15,1377.64,1379.16,1376.32,1376.75,8237,7208
7/9/2020,13:20,1376.7,1382,1376.7,1380.24,34282,24579
7/9/2020,13:25,1379.96,1379.97,1374.34,1377.25,19615,21286
7/9/2020,13:30,1377.34,1378.26,1375.1,1376.99,10734,8706
7/9/2020,13:35,1378,1379,1377,1377.61,6300,12575
7/9/2020,13:40,1378.14,1379.83,1377.38,1378.75,13935,8670
7/9/2020,13:45,1378.98,1379.99,1375.56,1376.06,24839,26147
7/9/2020,13:50,1376,1377.44,1374.5,1376.76,16549,12161
7/9/2020,13:55,1376.87,1377.15,1372.04,1374.3,10532,18635
7/9/2020,14:00,1374.32,1375.88,1372.51,1374.61,9571,9611
7/9/2020,14:05,1374.68,1376.81,1373.94,1376.22,9454,10532
7/9/2020,14:10,1376.22,1378.41,1375.67,1377.35,15611,10851
7/9/2020,14:15,1378.26,1379.01,1377.47,1378.43,9891,5715
7/9/2020,14:20,1378.78,1381.62,1378.13,1381.35,27368,21030
7/9/2020,14:25,1381.35,1390,1381.11,1389.83,58819,40250
7/9/2020,14:30,1389.61,1390,1386.7,1387.34,32004,36623
7/9/2020,14:35,1387.44,1389.9,1384.51,1389.81,29862,28390
7/9/2020,14:40,1389.28,1389.28,1386,1386.5,22576,21027
7/9/2020,14:45,1386.54,1392.97,1386.54,1392.69,48608,35907
7/9/2020,14:50,1392.5,1398.01,1392.09,1397.79,70210,57159
7/9/2020,14:55,1397.56,1399.51,1391.66,1395.48,47408,67235
7/9/2020,15:00,1395.3,1397.02,1391.95,1396.11,35698,36020
7/9/2020,15:05,1396.02,1398.51,1393.78,1398.3,29293,34197
7/9/2020,15:10,1398.51,1399.75,1396.76,1396.76,37328,38112
7/9/2020,15:15,1397.11,1402.67,1396.84,1402.45,77170,51592
7/9/2020,15:20,1402.56,1403,1394.22,1395.81,44467,40698
7/9/2020,15:25,1395.88,1395.88,1383.41,1389.54,52265,64211
7/9/2020,15:30,1390,1390.95,1381.83,1383.04,30908,42044
7/9/2020,15:35,1383.41,1384.72,1379,1383.14,50757,48012
7/9/2020,15:40,1383.76,1392,1382,1391.45,49283,42145
7/9/2020,15:45,1391.22,1391.92,1386.65,1390.69,32380,32658
7/9/2020,15:50,1391,1398.56,1390.48,1395,44809,41913
7/9/2020,15:55,1394.05,1398.84,1392.55,1394.72,53281,50579
7/9/2020,16:00,1395.84,1395.99,1390,1393.81,50424,52004
7/10/2020,09:35,1396,1398.88,1378.82,1379.28,102627,151562
7/10/2020,09:40,1379.99,1390.38,1379.56,1389.55,72069,64590
7/10/2020,09:45,1389.3,1393.7,1384.96,1392.41,50788,49918
7/10/2020,09:50,1391.11,1392.78,1385,1390.59,40907,38979
7/10/2020,09:55,1390.89,1393.72,1385,1387.5,31465,34261
7/10/2020,10:00,1387.33,1390,1383.59,1384.98,38912,44929
7/10/2020,10:05,1384.98,1384.98,1376.01,1378.98,43466,73727
7/10/2020,10:10,1378.98,1389.4,1378.59,1389.16,64613,46906
7/10/2020,10:15,1389.62,1397.12,1388.13,1396.95,87994,72625
7/10/2020,10:20,1397.05,1398.69,1390,1394.08,52756,42378
7/10/2020,10:25,1393.51,1394.61,1390.18,1391.35,18368,23231
7/10/2020,10:30,1391.12,1402.54,1390.39,1402.01,72886,57345
7/10/2020,10:35,1401.93,1412.25,1401.77,1407.21,144552,114495
7/10/2020,10:40,1407.27,1416.01,1404,1413.02,99299,103103
7/10/2020,10:45,1414,1415.35,1408.57,1410.68,61438,65563
7/10/2020,10:50,1410.11,1413,1403.01,1407.22,59179,64876
7/10/2020,10:55,1406.98,1413,1406.11,1412.11,50497,36127
7/10/2020,11:00,1412.37,1419,1410.5,1417.53,105932,76067
7/10/2020,11:05,1417.43,1420.61,1411.73,1412,80139,78864
7/10/2020,11:10,1412.41,1414.79,1408.08,1412.25,57507,53361
7/10/2020,11:15,1411.75,1414.14,1410,1411.97,29243,31710
7/10/2020,11:20,1411.58,1417,1410.65,1410.98,42506,39462
7/10/2020,11:25,1410.7,1414.81,1410.7,1413,21558,26497
7/10/2020,11:30,1413.56,1413.56,1406.33,1406.33,22819,30234
7/10/2020,11:35,1406.52,1408.97,1404.8,1407.42,30296,34830
7/10/2020,11:40,1407.25,1412.87,1407.25,1411.5,32107,26673
7/10/2020,11:45,1411.88,1414,1410.42,1412.51,25095,21965
7/10/2020,11:50,1412.57,1412.9,1408.35,1409.5,19340,19534
7/10/2020,11:55,1409.44,1410.56,1408.59,1408.95,11893,17576
7/10/2020,12:00,1409.05,1410,1406.38,1409.23,15770,19663
7/10/2020,12:05,1409.45,1409.99,1406.9,1407.28,10587,14958
7/10/2020,12:10,1407.2,1411.21,1406.6,1410.08,31531,18437
7/10/2020,12:15,1410.28,1414.03,1410.23,1413.76,39548,39073
7/10/2020,12:20,1414.22,1415.83,1412.12,1412.74,32167,24853
7/10/2020,12:25,1412.91,1413.36,1409,1410.45,31462,30386
7/10/2020,12:30,1410.16,1412.41,1409.06,1412.2,19186,11177
7/10/2020,12:35,1412.03,1418,1410.72,1417.64,55387,31506
7/10/2020,12:40,1417.4,1425.34,1416.09,1421.83,95443,66713
7/10/2020,12:45,1421.63,1433.77,1419.58,1432.38,100732,73445
7/10/2020,12:50,1432.37,1437,1430.13,1433.61,101428,92376
7/10/2020,12:55,1433.71,1443,1431.27,1442.08,102190,106662
7/10/2020,13:00,1442.36,1455.99,1442.36,1455.89,164219,137503
7/10/2020,13:05,1455.48,1466.56,1446.02,1465.54,182066,158477
7/10/2020,13:10,1465.1,1483.58,1460.5,1474,242667,242314
7/10/2020,13:15,1474,1481.18,1466,1480,179735,172916
7/10/2020,13:20,1480,1481.25,1468,1474.88,120800,132798
7/10/2020,13:25,1474.73,1488,1469.49,1480.38,166688,156884
7/10/2020,13:30,1480.18,1496,1479.61,1490.47,159127,131510
7/10/2020,13:35,1490.28,1494.52,1481.5,1484.09,134249,144169
7/10/2020,13:40,1484.69,1486.99,1473.01,1485.01,117969,114549
7/10/2020,13:45,1483.88,1488.88,1479.38,1488.34,78457,75453
7/10/2020,13:50,1488.64,1488.66,1479.13,1485.86,76350,110710
7/10/2020,13:55,1485.77,1494,1483.81,1490.95,97820,78537
7/10/2020,14:00,1491.07,1495,1485.5,1490,90416,76524
7/10/2020,14:05,1490.29,1496,1488,1492.19,76776,67750
7/10/2020,14:10,1492.53,1492.53,1479.16,1483.57,68611,100603
7/10/2020,14:15,1483.99,1497.96,1483.25,1496.96,88356,55626
7/10/2020,14:20,1495.84,1496.95,1490,1491.01,71076,69293
7/10/2020,14:25,1491.79,1492.47,1482.76,1485.53,50847,70456
7/10/2020,14:30,1485.22,1495,1482.69,1493.87,89677,63502
7/10/2020,14:35,1493,1495.53,1488.56,1494.2,54918,60664
7/10/2020,14:40,1493.73,1496,1491,1495.01,57294,49109
7/10/2020,14:45,1495.4,1495.66,1490.4,1494.37,46288,53169
7/10/2020,14:50,1494.23,1499.21,1486.13,1491.33,123352,126488
7/10/2020,14:55,1491.4,1494.91,1489.69,1493.51,38380,39183
7/10/2020,15:00,1492.95,1495.5,1490.48,1493.45,42428,44297
7/10/2020,15:05,1492.5,1493.93,1489,1493.9,50639,66160
7/10/2020,15:10,1493.73,1503.9,1493.49,1503.77,165467,116661
7/10/2020,15:15,1502.91,1517.08,1502.91,1516.72,164408,143521
7/10/2020,15:20,1516.98,1517.81,1508.12,1511.27,129281,144244
7/10/2020,15:25,1511.64,1517.35,1511.4,1514.05,80589,71909
7/10/2020,15:30,1514.03,1536.28,1513.78,1535.06,189225,143090
7/10/2020,15:35,1534.75,1544,1527.35,1540.33,233039,203671
7/10/2020,15:40,1540.39,1540.99,1523.75,1529.52,131670,140413
7/10/2020,15:45,1529.3,1533,1521.3,1531.49,97692,97918
7/10/2020,15:50,1531.96,1538,1530.12,1535.07,138014,113052
7/10/2020,15:55,1535.95,1538.77,1530.21,1534.34,89029,94514
7/10/2020,16:00,1533.75,1548.92,1533.1,1546.01,273830,231110
7/13/2020,09:35,1659,1721.1,1648.51,1700.15,638267,415410
7/13/2020,09:40,1700.76,1747.58,1700.02,1724.64,337945,344736
7/13/2020,09:45,1723,1755.52,1723,1751.81,284497,273430
7/13/2020,09:50,1752.89,1794.99,1745,1751.77,263384,301006
7/13/2020,09:55,1751.06,1753.37,1715,1727.46,233748,257377
7/13/2020,10:00,1726.05,1742,1701.13,1711.48,220191,229639
7/13/2020,10:05,1713.87,1727.98,1705,1723,152698,159117
7/13/2020,10:10,1723.02,1747.75,1720,1747.14,181239,169075
7/13/2020,10:15,1747.75,1748.8,1724.42,1727.1,108849,138064
7/13/2020,10:20,1726.42,1737.49,1717.15,1718.92,87404,98679
7/13/2020,10:25,1718.08,1737,1716.51,1733.56,94622,90525
7/13/2020,10:30,1732.71,1747,1724,1739.75,129181,105587
7/13/2020,10:35,1740.25,1760.71,1739.18,1758,155146,128139
7/13/2020,10:40,1758,1760,1746.32,1755.67,94643,95617
7/13/2020,10:45,1757.73,1775,1753.38,1773.67,143036,118448
7/13/2020,10:50,1773.49,1774.29,1753.57,1764.18,104379,101412
7/13/2020,10:55,1763.71,1766.71,1748,1753.69,85248,87193
7/13/2020,11:00,1753.23,1768.95,1752,1765.32,75795,74084
7/13/2020,11:05,1764.78,1765.49,1756.11,1762.99,66582,66025
7/13/2020,11:10,1763.43,1767.65,1760.1,1761.26,52758,59677
7/13/2020,11:15,1761.46,1772.99,1761.46,1767.27,84326,77654
7/13/2020,11:20,1767.27,1768.44,1756,1761.22,56203,75634
7/13/2020,11:25,1760.6,1763.49,1752.13,1753.93,64649,79764
7/13/2020,11:30,1752.69,1762.35,1750,1759.86,64144,62329
7/13/2020,11:35,1760.58,1761.79,1753,1753.56,37734,49590
7/13/2020,11:40,1753.23,1765,1753.23,1761.46,65968,48504
7/13/2020,11:45,1762.38,1764.9,1738,1744.79,83154,116764
7/13/2020,11:50,1744.99,1746.51,1718.24,1731.06,132951,170089
7/13/2020,11:55,1733.53,1738.03,1727,1728.5,78001,82825
7/13/2020,12:00,1728.31,1743.52,1726.83,1742.12,70181,63417
7/13/2020,12:05,1742.12,1748.88,1738.25,1743.15,80444,70190
7/13/2020,12:10,1743.42,1744.88,1738.26,1741.94,39560,41214
7/13/2020,12:15,1741.69,1742,1726,1730,41848,65244
7/13/2020,12:20,1730.9,1739.47,1728.86,1737.03,36601,56728
7/13/2020,12:25,1738.64,1741.09,1733,1736.51,46386,43622
7/13/2020,12:30,1738.54,1739.16,1732,1736.71,20678,28737
7/13/2020,12:35,1737.5,1738.08,1728,1728.72,26048,40227
7/13/2020,12:40,1728.3,1728.76,1715,1725,71775,82321
7/13/2020,12:45,1724.17,1724.58,1708,1716,74659,88608
7/13/2020,12:50,1716.7,1724.93,1692.01,1694.3,95341,150856
7/13/2020,12:55,1694.5,1703.08,1682.91,1686,123094,126964
7/13/2020,13:00,1686.76,1690.01,1665.02,1665.38,122688,171118
7/13/2020,13:05,1666.41,1679.03,1652.14,1670.81,185872,200766
7/13/2020,13:10,1670.2,1694,1666.7,1684.56,164851,159013
7/13/2020,13:15,1682.4,1690,1666.88,1670.88,106578,107623
7/13/2020,13:20,1669.62,1687.29,1669.62,1685.74,95497,78845
7/13/2020,13:25,1686.5,1706.72,1683,1700.64,130106,116608
7/13/2020,13:30,1701.4,1704.56,1692.01,1700.72,73697,73658
7/13/2020,13:35,1701.7,1707.8,1697,1699.79,79874,78705
7/13/2020,13:40,1699.88,1707,1680.11,1680.11,86907,95508
7/13/2020,13:45,1680.01,1683.46,1665,1668.77,76556,89550
7/13/2020,13:50,1667.71,1673.63,1639.02,1656.02,138434,165963
7/13/2020,13:55,1655.1,1668.56,1653.96,1659.63,97407,113923
7/13/2020,14:00,1659.26,1659.65,1605,1613.17,124317,176709
7/13/2020,14:05,1612.36,1627.88,1538,1554,244743,327814
7/13/2020,14:10,1552.57,1581.09,1505,1533.49,238759,244881
7/13/2020,14:15,1535.47,1563.83,1506.81,1559,189344,190207
7/13/2020,14:20,1558.93,1602.09,1558.8,1596.27,207093,177215
7/13/2020,14:25,1599.85,1601.51,1563.66,1571.49,108344,112648
7/13/2020,14:30,1568.51,1584.05,1536.91,1557.38,98171,97816
7/13/2020,14:35,1557.83,1583.97,1551,1565,85473,87103
7/13/2020,14:40,1565,1575,1545,1570,87879,76169
7/13/2020,14:45,1570.7,1601.25,1570.7,1596.02,135706,105731
7/13/2020,14:50,1594.09,1603.77,1566.55,1595.94,103825,89848
7/13/2020,14:55,1594.93,1622.49,1590.1,1622,128360,116705
7/13/2020,15:00,1622.48,1628.43,1607.06,1611.19,86832,109995
7/13/2020,15:05,1611.28,1614.14,1574.49,1582.1,78705,105556
7/13/2020,15:10,1580.97,1594.99,1573.05,1583,64583,58882
7/13/2020,15:15,1582,1595,1571,1588.98,60745,60258
7/13/2020,15:20,1588.99,1589.26,1558,1558.69,39873,69766
7/13/2020,15:25,1558.38,1569.65,1528.04,1534.69,100675,125681
7/13/2020,15:30,1534.2,1569.95,1528,1551.91,110584,96072
7/13/2020,15:35,1554.04,1564,1529.8,1530.65,77682,95573
7/13/2020,15:40,1531.15,1550.78,1527.34,1536.6,91051,91441
7/13/2020,15:45,1536.6,1567.57,1528,1548.92,113643,105209
7/13/2020,15:50,1547.38,1555,1525.61,1525.61,69578,93810
7/13/2020,15:55,1525.61,1534.19,1502,1502,107486,135587
7/13/2020,16:00,1501.15,1504.42,1471.11,1495.36,207617,207525
7/14/2020,09:35,1555.42,1571.19,1518,1562.32,372435,279427
7/14/2020,09:40,1561.31,1590,1556.93,1579,233544,224891
7/14/2020,09:45,1577.48,1588,1572.34,1578,164867,166532
7/14/2020,09:50,1578.34,1579.86,1533.89,1536.3,130401,173709
7/14/2020,09:55,1535.93,1543.2,1479.71,1510.07,247283,299841
7/14/2020,10:00,1507.61,1529,1493.02,1522.57,186228,181849
7/14/2020,10:05,1523.24,1532.12,1495,1505.94,118721,128471
7/14/2020,10:10,1504.26,1512.99,1462.9,1470,136327,174805
7/14/2020,10:15,1471.47,1489.99,1452,1453.49,175236,194480
7/14/2020,10:20,1453.07,1475,1431,1463.25,210068,239186
7/14/2020,10:25,1464,1493,1460.02,1483.5,149012,133615
7/14/2020,10:30,1482.34,1489,1473,1480.19,88369,102387
7/14/2020,10:35,1482.29,1518.87,1482.29,1509.54,203159,139083
7/14/2020,10:40,1509.74,1518.99,1502,1503.23,83278,92242
7/14/2020,10:45,1503.23,1528.7,1502.19,1517.47,112793,101983
7/14/2020,10:50,1519.81,1543.67,1513.26,1543.67,130872,101703
7/14/2020,10:55,1542.36,1558.11,1536.53,1556.01,121667,117011
7/14/2020,11:00,1555.25,1557.09,1523.58,1525.66,93937,105927
7/14/2020,11:05,1526.8,1532.62,1516.89,1523.99,92377,103842
7/14/2020,11:10,1521.07,1524.25,1504.3,1522.98,79181,86949
7/14/2020,11:15,1522.55,1525.5,1514,1517.16,37789,50622
7/14/2020,11:20,1517.85,1525,1510.1,1523.36,62617,48850
7/14/2020,11:25,1523.89,1528,1517,1518.07,53075,57102
7/14/2020,11:30,1518.51,1537.8,1518.51,1535.79,62499,49515
7/14/2020,11:35,1535.2,1543.33,1525.26,1537,83708,71456
7/14/2020,11:40,1537.02,1545.17,1531.18,1531.18,58596,62180
7/14/2020,11:45,1531,1538,1526,1530.62,62270,58433
7/14/2020,11:50,1528,1532.02,1515,1528.02,51362,53003
7/14/2020,11:55,1529.7,1530.13,1519.48,1521.76,30703,26851
7/14/2020,12:00,1521.3,1523,1496.26,1512.11,59191,75347
7/14/2020,12:05,1512,1518,1508.21,1516.27,42509,32747
7/14/2020,12:10,1516.06,1518.9,1494.25,1495.99,57831,70378
7/14/2020,12:15,1498.23,1507.47,1496.03,1502.08,52735,51071
7/14/2020,12:20,1502.4,1528,1500,1525.59,75417,86228
7/14/2020,12:25,1526.22,1533.58,1520.57,1523.55,62102,56575
7/14/2020,12:30,1524.21,1530,1513.69,1516.16,40372,40233
7/14/2020,12:35,1517,1523.53,1513,1515.52,24601,25760
7/14/2020,12:40,1514.91,1525,1514.91,1523.61,32445,27736
7/14/2020,12:45,1523.29,1525,1510.35,1513.71,18785,30883
7/14/2020,12:50,1512.98,1520,1511.67,1515.04,16783,21533
7/14/2020,12:55,1515.22,1516.22,1501.5,1502.34,20302,30964
7/14/2020,13:00,1501,1507.8,1495,1500.59,48106,60887
7/14/2020,13:05,1500.01,1504.28,1482.52,1492.15,70850,88944
7/14/2020,13:10,1491.24,1501.55,1487.78,1494.69,48776,53133
7/14/2020,13:15,1493,1513.75,1490.29,1511.58,67413,49251
7/14/2020,13:20,1508.66,1513,1498.12,1500.04,32921,37554
7/14/2020,13:25,1499.02,1509.2,1498.1,1507.86,38362,20325
7/14/2020,13:30,1507.86,1519.5,1507.15,1510.6,64071,53546
7/14/2020,13:35,1510.61,1523,1510.3,1517.24,42762,43505
7/14/2020,13:40,1517.23,1521.2,1512,1514.31,28867,26527
7/14/2020,13:45,1514.92,1537,1514.13,1535.35,90118,77026
7/14/2020,13:50,1535,1535.46,1524.72,1526.05,57926,63691
7/14/2020,13:55,1526.53,1529.25,1516.75,1526.63,64430,56600
7/14/2020,14:00,1528.3,1532.7,1510,1514.91,51330,69190
7/14/2020,14:05,1515.05,1526,1510.1,1522,31389,34330
7/14/2020,14:10,1522.04,1522.45,1511.5,1519.34,18371,22521
7/14/2020,14:15,1519.93,1525,1518.01,1523.78,27770,26544
7/14/2020,14:20,1524.47,1529.78,1520.04,1523.5,44023,34706
7/14/2020,14:25,1524.31,1525,1520.77,1523.11,17695,14743
7/14/2020,14:30,1523.86,1525,1512.5,1517.13,22033,35831
7/14/2020,14:35,1519,1519.74,1507,1511.83,21855,27138
7/14/2020,14:40,1512.69,1515,1507.84,1507.84,24190,18291
7/14/2020,14:45,1508.06,1515,1507.9,1514.62,34235,21995
7/14/2020,14:50,1514.94,1515,1500,1500.4,29187,42076
7/14/2020,14:55,1500.76,1505.89,1497.88,1504.3,30979,32347
7/14/2020,15:00,1503.37,1514.69,1500,1510.5,46715,31308
7/14/2020,15:05,1511.03,1514,1502.01,1505,25043,20174
7/14/2020,15:10,1504.27,1505.28,1494,1498.23,55190,44773
7/14/2020,15:15,1497.39,1501.66,1492.09,1493.3,24360,38199
7/14/2020,15:20,1493.1,1496,1485.11,1495.05,67011,54301
7/14/2020,15:25,1496,1501.47,1492,1500,57763,42796
7/14/2020,15:30,1499.62,1505,1491,1498.15,54047,58386
7/14/2020,15:35,1498.22,1510,1496.32,1508.3,48043,35480
7/14/2020,15:40,1508.59,1517,1502.13,1515.51,59617,35310
7/14/2020,15:45,1515.62,1533,1513,1513.54,82022,98837
7/14/2020,15:50,1514.97,1516.17,1507.21,1512.5,69326,51983
7/14/2020,15:55,1512,1526.05,1512,1518.04,74875,71658
7/14/2020,16:00,1518.04,1518.22,1503.62,1516.39,86318,119570
7/15/2020,09:35,1542.37,1545,1510.1,1512.28,152548,261769
7/15/2020,09:40,1512.57,1512.66,1483.8,1494.29,167124,220425
7/15/2020,09:45,1495,1522,1492.01,1518.59,161062,151100
7/15/2020,09:50,1518.89,1518.89,1499,1513.98,81714,85536
7/15/2020,09:55,1512.7,1527.35,1508,1513.81,82486,78036
7/15/2020,10:00,1514,1516.27,1501.26,1504.93,54248,64866
7/15/2020,10:05,1503.63,1510.03,1496,1497.5,64186,75705
7/15/2020,10:10,1497.2,1513,1497.2,1508.39,51467,51776
7/15/2020,10:15,1508,1508,1498.8,1504.88,30149,39635
7/15/2020,10:20,1505.21,1508.44,1498,1504.76,43567,47179
7/15/2020,10:25,1505.1,1518,1501.99,1512.24,77598,74923
7/15/2020,10:30,1512.85,1519.86,1509.05,1509.49,48655,50141
7/15/2020,10:35,1510.43,1513.88,1501.86,1504.97,43054,46246
7/15/2020,10:40,1504.49,1509.01,1500.93,1501.01,28906,32709
7/15/2020,10:45,1501.49,1503.87,1494,1497,74845,88417
7/15/2020,10:50,1497.99,1506.4,1496,1502.76,47691,40392
7/15/2020,10:55,1502.97,1506,1498.25,1500.33,29562,41069
7/15/2020,11:00,1500.4,1501.91,1491.58,1493.71,46650,62884
7/15/2020,11:05,1494.78,1497.25,1487.7,1490.19,49483,65142
7/15/2020,11:10,1491.99,1497,1484.28,1490.82,86752,70323
7/15/2020,11:15,1490.65,1494.8,1486.86,1492.01,40713,43798
7/15/2020,11:20,1491.71,1492.32,1475.66,1476.56,56759,78355
7/15/2020,11:25,1475.59,1481.22,1466,1476,90168,92760
7/15/2020,11:30,1475.63,1492.63,1472,1491.22,78330,75573
7/15/2020,11:35,1491.96,1492.01,1484.61,1485.31,36008,39420
7/15/2020,11:40,1486.17,1487.01,1473.9,1474.87,35223,40662
7/15/2020,11:45,1474.24,1481.28,1471.92,1472.06,49815,48755
7/15/2020,11:50,1472.06,1476,1460,1467.13,79807,83330
7/15/2020,11:55,1468.03,1473.55,1464,1473.55,68029,57205
7/15/2020,12:00,1473.35,1473.42,1458,1458.01,40682,58749
7/15/2020,12:05,1458.59,1467.59,1457,1463.3,57950,56581
7/15/2020,12:10,1462.79,1477.72,1462.09,1473.96,64897,54261
7/15/2020,12:15,1473.42,1474.1,1467.87,1470.13,34392,42222
7/15/2020,12:20,1470.49,1487.45,1468.87,1485,76370,71405
7/15/2020,12:25,1484.59,1487.77,1476.01,1477.93,35561,49650
7/15/2020,12:30,1478,1493,1477.67,1490.89,53297,37463
7/15/2020,12:35,1490.82,1495.97,1486.29,1490.71,45127,40346
7/15/2020,12:40,1490.74,1503,1488.43,1496.5,80168,55934
7/15/2020,12:45,1496.43,1502.5,1493.75,1502.07,44794,36267
7/15/2020,12:50,1502.09,1511.76,1500.85,1505.73,81197,73928
7/15/2020,12:55,1505.84,1508.06,1502.58,1506.64,36885,40468
7/15/2020,13:00,1507,1515,1504.27,1513.11,50281,43096
7/15/2020,13:05,1513.58,1513.97,1497,1499.16,56643,56259
7/15/2020,13:10,1500.63,1507,1495.45,1507,37267,37713
7/15/2020,13:15,1507.01,1512,1500.4,1505.58,35722,36360
7/15/2020,13:20,1505.81,1510.9,1501.07,1501.78,26446,24258
7/15/2020,13:25,1502.15,1504.83,1499.69,1500.92,20682,24817
7/15/2020,13:30,1501.47,1503,1492.6,1500.03,32102,34095
7/15/2020,13:35,1500.39,1506.95,1499.1,1504.39,34116,25704
7/15/2020,13:40,1505,1508,1501.6,1501.6,29802,24621
7/15/2020,13:45,1502.2,1505.33,1500.66,1503.96,15764,14414
7/15/2020,13:50,1504.45,1508.5,1503.06,1503.06,27061,21634
7/15/2020,13:55,1503.25,1504.94,1496.43,1497.36,28249,32214
7/15/2020,14:00,1497.47,1502,1497.17,1500.4,33113,35002
7/15/2020,14:05,1500,1504,1494.09,1502.5,42539,33960
7/15/2020,14:10,1502.5,1507.22,1500.26,1506.79,29029,28019
7/15/2020,14:15,1507,1507.42,1501.48,1501.62,15333,20472
7/15/2020,14:20,1501.95,1505.57,1500,1502.02,17032,20120
7/15/2020,14:25,1501.55,1505,1501,1505,14932,9076
7/15/2020,14:30,1504.52,1507.04,1501,1506.15,28374,18575
7/15/2020,14:35,1506.05,1509.87,1505.09,1508.62,26360,27283
7/15/2020,14:40,1509,1510.99,1505.64,1510.99,34983,15332
7/15/2020,14:45,1510.42,1519.88,1510.42,1514.51,66792,48693
7/15/2020,14:50,1514.52,1520.5,1514,1518.98,43312,33179
7/15/2020,14:55,1518.85,1519.29,1506.14,1507,32640,53097
7/15/2020,15:00,1507.74,1513.05,1507.23,1509.49,27551,29235
7/15/2020,15:05,1509.21,1516,1508.13,1515.1,23549,20010
7/15/2020,15:10,1514.62,1515,1508.17,1512.72,17328,25064
7/15/2020,15:15,1511.26,1512.21,1506.77,1508.02,15270,16972
7/15/2020,15:20,1507.76,1512.26,1503,1512.26,26133,33428
7/15/2020,15:25,1512.39,1513.74,1510.46,1511.54,15054,16451
7/15/2020,15:30,1510.99,1519.03,1509.77,1519.03,33798,23254
7/15/2020,15:35,1518.98,1530.12,1517.57,1528.99,88156,57215
7/15/2020,15:40,1529.3,1537.32,1528.29,1532.06,58799,55279
7/15/2020,15:45,1531.65,1535.82,1526.26,1534.83,45701,47790
7/15/2020,15:50,1534.5,1550,1534.11,1548.94,103296,82457
7/15/2020,15:55,1548.34,1548.34,1538.38,1542.61,56755,58498
7/15/2020,16:00,1542.45,1548.68,1542.08,1546.88,116889,104462
7/16/2020,09:35,1478.99,1497.98,1470,1492.51,128980,201488
7/16/2020,09:40,1493.99,1517.8,1486.5,1514.54,176545,142569
7/16/2020,09:45,1514.58,1518.8,1500.11,1506.42,102483,103929
7/16/2020,09:50,1503.99,1508.38,1495.31,1506.7,94799,98762
7/16/2020,09:55,1506.75,1507.98,1487.5,1493.39,63815,71920
7/16/2020,10:00,1492.52,1492.52,1477.72,1482.31,72195,86945
7/16/2020,10:05,1482.76,1485.88,1467.96,1476.89,80263,103969
7/16/2020,10:10,1477,1479.51,1466,1476.54,69857,80917
7/16/2020,10:15,1476.99,1483.93,1473.15,1481,66226,65615
7/16/2020,10:20,1481.24,1490,1476.48,1482,73085,61827
7/16/2020,10:25,1480.78,1488.53,1477.19,1479.01,44536,55569
7/16/2020,10:30,1478.26,1483.24,1473.02,1483.12,48584,40484
7/16/2020,10:35,1482.74,1483.28,1475.04,1483,35888,34968
7/16/2020,10:40,1483.41,1492.99,1482.71,1488.97,80397,73876
7/16/2020,10:45,1488.85,1498.2,1487.99,1496.8,77353,81417
7/16/2020,10:50,1496.65,1500.63,1490.25,1492.47,62160,65499
7/16/2020,10:55,1492.72,1496.89,1490.09,1496.55,46211,43017
7/16/2020,11:00,1496.01,1496.89,1479.16,1480.99,55515,62650
7/16/2020,11:05,1481.53,1484.85,1474,1479.45,50344,56462
7/16/2020,11:10,1478.72,1481.32,1473.62,1476.26,56036,60579
7/16/2020,11:15,1476.08,1481.92,1474.63,1478.92,54068,45739
7/16/2020,11:20,1479.2,1483.9,1474.93,1481.47,48836,41326
7/16/2020,11:25,1481.69,1487.38,1480.04,1483.42,42476,46418
7/16/2020,11:30,1484,1489.45,1482.94,1486.56,53416,40415
7/16/2020,11:35,1486.69,1487.47,1482.3,1485.29,26026,26108
7/16/2020,11:40,1486.19,1492,1483.5,1490.69,38486,31473
7/16/2020,11:45,1490.74,1490.74,1480,1480,28142,45117
7/16/2020,11:50,1480.13,1483.77,1478.1,1481.56,28966,33753
7/16/2020,11:55,1481.57,1484.65,1480.12,1482.51,31461,28498
7/16/2020,12:00,1482.75,1487,1482.75,1486.23,32350,27692
7/16/2020,12:05,1486.48,1488.3,1483,1486.67,26379,28650
7/16/2020,12:10,1487.47,1488.84,1484.59,1487.69,21818,28172
7/16/2020,12:15,1487.33,1495.46,1485.37,1490.65,58929,44461
7/16/2020,12:20,1491.11,1498.75,1490.44,1497.35,45064,39427
7/16/2020,12:25,1498,1498,1491.06,1494.52,36712,38794
7/16/2020,12:30,1494,1494.47,1489.34,1490.99,14852,22458
7/16/2020,12:35,1490.49,1498.95,1488.78,1498.02,37041,29251
7/16/2020,12:40,1497.14,1505.12,1497.14,1503.46,78930,57805
7/16/2020,12:45,1503.06,1510.68,1501.97,1509.86,63119,55772
7/16/2020,12:50,1510,1510.45,1504.03,1507.66,33838,40177
7/16/2020,12:55,1507.7,1519.8,1505.77,1514.58,86639,59604
7/16/2020,13:00,1514.68,1515.3,1507.39,1509,49552,56159
7/16/2020,13:05,1509.44,1513,1506.88,1508.93,37811,41102
7/16/2020,13:10,1508.79,1526.27,1508.5,1526.19,80296,50929
7/16/2020,13:15,1526.59,1531.19,1520.07,1530.79,61882,53362
7/16/2020,13:20,1530.73,1531.71,1521.33,1522.86,39035,47065
7/16/2020,13:25,1522.21,1523.56,1518.5,1522.09,36342,36439
7/16/2020,13:30,1522.29,1525.25,1520.43,1525.25,36756,35727
7/16/2020,13:35,1525.7,1527,1510.25,1513.23,56614,72211
7/16/2020,13:40,1512.93,1516.7,1510,1512.12,49563,40799
7/16/2020,13:45,1512.25,1514.1,1503.58,1507.69,53289,63366
7/16/2020,13:50,1508.01,1517,1507.3,1515.09,51688,39669
7/16/2020,13:55,1515.68,1516.02,1509.69,1512.77,22157,22371
7/16/2020,14:00,1512.51,1512.77,1504.75,1504.78,24761,26849
7/16/2020,14:05,1505.01,1513.54,1504.54,1509.65,23509,27650
7/16/2020,14:10,1510.44,1514.69,1508.09,1511.78,24932,19756
7/16/2020,14:15,1511.28,1514.7,1510.01,1513.41,23741,21789
7/16/2020,14:20,1512.75,1513.45,1507.66,1509.06,19107,21798
7/16/2020,14:25,1508.05,1511.56,1508,1510.26,18448,15270
7/16/2020,14:30,1510.5,1513.99,1509.64,1513.95,19241,14712
7/16/2020,14:35,1513.99,1522.99,1513.64,1522.62,56632,38470
7/16/2020,14:40,1522.88,1528.78,1520.15,1523.48,65501,53345
7/16/2020,14:45,1523.01,1525,1518.2,1518.69,33073,38386
7/16/2020,14:50,1518.7,1518.95,1510.04,1510.13,52229,47835
7/16/2020,14:55,1510.91,1514.25,1506.26,1506.65,40371,40859
7/16/2020,15:00,1507.09,1510.25,1501.14,1503.74,42518,44907
7/16/2020,15:05,1504.23,1513.5,1503.88,1513.38,49751,49539
7/16/2020,15:10,1513.18,1514.54,1509,1510.39,21602,29714
7/16/2020,15:15,1509.49,1510.22,1503.2,1504.69,29245,31479
7/16/2020,15:20,1504.25,1512.88,1503.2,1511.51,36085,36574
7/16/2020,15:25,1511.63,1516.89,1510.38,1514.99,37157,32418
7/16/2020,15:30,1514.28,1521.51,1510.83,1520.95,50757,32046
7/16/2020,15:35,1520.95,1521.58,1516.52,1519.88,34531,32246
7/16/2020,15:40,1519.7,1524.16,1516.49,1516.76,45751,39671
7/16/2020,15:45,1516.98,1517.74,1499,1499.47,70033,89169
7/16/2020,15:50,1500,1505,1492.63,1494.01,55000,65095
7/16/2020,15:55,1493,1502.5,1490,1501.38,68888,61545
7/16/2020,16:00,1501.57,1502.5,1494.72,1500.82,45399,59440
7/17/2020,09:35,1512.83,1537.51,1512,1521.19,204214,133268
7/17/2020,09:40,1522.17,1525,1509.2,1514.95,88713,83439
7/17/2020,09:45,1514.08,1518.39,1503,1504.5,55830,50572
7/17/2020,09:50,1504.3,1509.97,1500.2,1507.07,62276,59957
7/17/2020,09:55,1507.9,1519,1507.9,1515.38,62158,60069
7/17/2020,10:00,1515.22,1521.55,1512.06,1518.25,76514,45207
7/17/2020,10:05,1517.25,1518.9,1503.91,1508.44,52569,67774
7/17/2020,10:10,1508.08,1511.4,1501,1501.66,37885,57437
7/17/2020,10:15,1501.57,1507,1497.6,1504.8,53401,68022
7/17/2020,10:20,1504.83,1508.68,1499,1500.28,41412,41265
7/17/2020,10:25,1500,1503.85,1493.6,1494.48,40395,50001
7/17/2020,10:30,1494.48,1497.33,1490,1496.48,48130,80738
7/17/2020,10:35,1496.46,1497.95,1490.01,1497.42,33521,35036
7/17/2020,10:40,1497.56,1505.96,1497.02,1502.88,55601,62341
7/17/2020,10:45,1503,1509.09,1502.8,1502.8,55922,52038
7/17/2020,10:50,1502.91,1514.23,1501.4,1512.07,61098,45862
7/17/2020,10:55,1511.45,1514.39,1506.11,1507.14,38890,37190
7/17/2020,11:00,1507,1511.54,1504.24,1504.54,30050,34009
7/17/2020,11:05,1504.39,1511.67,1504,1508.65,29833,28653
7/17/2020,11:10,1508.04,1509.95,1505.3,1509.95,21154,20129
7/17/2020,11:15,1509.77,1513.77,1506,1507.01,45017,42016
7/17/2020,11:20,1507.01,1509.33,1505.34,1506.25,24122,23501
7/17/2020,11:25,1506.04,1507.41,1503,1504.41,24435,29153
7/17/2020,11:30,1504.95,1508,1503.86,1506.64,22712,20905
7/17/2020,11:35,1507.31,1507.46,1501.54,1501.96,20783,19346
7/17/2020,11:40,1501.99,1506.43,1501.99,1503.41,19288,17274
7/17/2020,11:45,1503.67,1507,1500.03,1500.21,27453,24610
7/17/2020,11:50,1500.03,1500.85,1494.45,1498.44,41042,42529
7/17/2020,11:55,1498.71,1503.58,1497.14,1502.72,27851,24220
7/17/2020,12:00,1502.68,1505.39,1500.43,1503.23,26361,25642
7/17/2020,12:05,1503.28,1507,1501.5,1505.57,22769,21154
7/17/2020,12:10,1506,1509.65,1504.31,1509.32,38116,16978
7/17/2020,12:15,1509.33,1512,1507,1507.89,36133,38820
7/17/2020,12:20,1507.45,1509.9,1506.46,1506.87,15816,13879
7/17/2020,12:25,1506.94,1507.86,1505.1,1505.98,15795,17484
7/17/2020,12:30,1506.45,1507.92,1504.57,1506.29,11726,10311
7/17/2020,12:35,1506.31,1509.83,1506.01,1508.44,16144,11561
7/17/2020,12:40,1508.68,1515.51,1508.51,1512.73,70726,43809
7/17/2020,12:45,1512.67,1516,1510.88,1511.61,37892,39716
7/17/2020,12:50,1511.56,1514,1510,1511.85,16563,16528
7/17/2020,12:55,1511.87,1512,1507.73,1508.38,16374,21207
7/17/2020,13:00,1508.76,1509.62,1505.17,1508.05,27554,28890
7/17/2020,13:05,1508.05,1509,1504.73,1508.3,25963,35657
7/17/2020,13:10,1508.35,1509.88,1507.18,1507.77,20382,16103
7/17/2020,13:15,1507.86,1509.45,1503,1503.66,18642,26949
7/17/2020,13:20,1503.31,1505.24,1500.88,1504.15,32597,34347
7/17/2020,13:25,1503.86,1505,1501.14,1503.79,23663,22206
7/17/2020,13:30,1504.43,1505.39,1502.87,1504.13,10907,16113
7/17/2020,13:35,1504.36,1504.88,1502.89,1503.49,9334,10372
7/17/2020,13:40,1503.81,1505.25,1502.29,1504.02,13444,19675
7/17/2020,13:45,1504.29,1507.08,1504.05,1505.49,17772,13019
7/17/2020,13:50,1506,1506.12,1504.53,1506.12,8060,9132
7/17/2020,13:55,1505.73,1508,1505.5,1506.46,8465,12748
7/17/2020,14:00,1506.6,1507.48,1505.45,1505.45,9361,7331
7/17/2020,14:05,1506.42,1512.17,1506.42,1512.17,39804,37698
7/17/2020,14:10,1512.37,1515,1511.78,1512.13,44403,36710
7/17/2020,14:15,1512.39,1513.67,1510.68,1512.93,22148,20025
7/17/2020,14:20,1513.09,1515.15,1512.61,1515.15,25233,20767
7/17/2020,14:25,1515.15,1515.3,1506.63,1507.61,25604,37290
7/17/2020,14:30,1508.22,1509.64,1507.05,1508.63,22503,18923
7/17/2020,14:35,1509.32,1510.75,1508,1508.63,18460,19701
7/17/2020,14:40,1508.37,1510.5,1506,1509.64,16490,16270
7/17/2020,14:45,1509.25,1509.94,1507.51,1508.66,10358,15343
7/17/2020,14:50,1508.91,1509.84,1506.76,1507.27,15204,14630
7/17/2020,14:55,1507.26,1512.67,1506.01,1509.59,26695,18352
7/17/2020,15:00,1509.84,1510.57,1505.97,1506,6909,11550
7/17/2020,15:05,1505.7,1506.77,1501.62,1506.12,31000,43222
7/17/2020,15:10,1505.78,1507.31,1504.04,1506.72,20680,15512
7/17/2020,15:15,1506,1507,1504.64,1505.03,10068,7077
7/17/2020,15:20,1505,1506.36,1502.5,1504.75,18219,13969
7/17/2020,15:25,1504.81,1506.43,1503.1,1503.77,15335,17733
7/17/2020,15:30,1504.16,1505,1503.16,1504.15,14321,13229
7/17/2020,15:35,1503.76,1508.31,1501.51,1508.31,40711,27795
7/17/2020,15:40,1508.01,1509.2,1502,1503.67,37911,32076
7/17/2020,15:45,1503.45,1504.22,1501.1,1501.22,21084,22069
7/17/2020,15:50,1501.21,1502.55,1500,1501.07,22249,28394
7/17/2020,15:55,1501.5,1501.65,1498.06,1499.65,41312,44001
7/17/2020,16:00,1499.84,1502.61,1498.91,1500.45,63637,56680
7/20/2020,09:35,1519.58,1529.85,1514.22,1517.65,162703,89933
7/20/2020,09:40,1517.92,1518.3,1503,1509.33,69997,87519
7/20/2020,09:45,1508.7,1514.2,1505.9,1511.14,47200,46583
7/20/2020,09:50,1510.13,1512.07,1498.82,1499.23,44632,71152
7/20/2020,09:55,1499.96,1504.49,1492.1,1498.39,70452,75182
7/20/2020,10:00,1498.08,1499.42,1488,1493.43,43402,59670
7/20/2020,10:05,1494.95,1498.75,1490,1497.45,48326,50445
7/20/2020,10:10,1497.89,1500.86,1494.5,1499.98,39471,40328
7/20/2020,10:15,1499,1507.81,1496.45,1506.24,46043,40224
7/20/2020,10:20,1505.46,1508.68,1504.68,1505,25458,32050
7/20/2020,10:25,1505.21,1506.48,1501,1502.86,22092,27805
7/20/2020,10:30,1502.8,1505.84,1500,1501.97,21832,25571
7/20/2020,10:35,1502.15,1504,1498,1499.48,19341,25277
7/20/2020,10:40,1499.17,1501.23,1493.83,1495,28087,36874
7/20/2020,10:45,1495.94,1500.97,1494.67,1498.8,22006,19861
7/20/2020,10:50,1498.22,1500,1495.7,1495.7,11340,18615
7/20/2020,10:55,1495.21,1498.57,1493.55,1498.57,20625,26393
7/20/2020,11:00,1498.78,1499,1494.24,1496.91,12928,16008
7/20/2020,11:05,1497.21,1499.5,1496.17,1499.21,21512,18021
7/20/2020,11:10,1499.47,1505.86,1499.47,1501.97,50510,38191
7/20/2020,11:15,1501.95,1504.5,1500.5,1500.75,18722,15351
7/20/2020,11:20,1501.34,1503.96,1500.9,1502.32,13187,15407
7/20/2020,11:25,1502.18,1502.18,1495,1496.95,14146,24530
7/20/2020,11:30,1496.85,1501.16,1495.74,1500.15,15427,23729
7/20/2020,11:35,1500.87,1501.56,1497.65,1498,15476,20780
7/20/2020,11:40,1497.36,1501.91,1496.84,1500.56,17650,15424
7/20/2020,11:45,1500.38,1500.46,1496.5,1497,8334,13427
7/20/2020,11:50,1497.38,1499,1496.25,1498.11,13523,15841
7/20/2020,11:55,1498,1498.47,1495.31,1495.31,9022,14767
7/20/2020,12:00,1495.9,1497.09,1495,1496.18,14749,12534
7/20/2020,12:05,1496.6,1500.17,1494.5,1500.17,32643,28055
7/20/2020,12:10,1500.5,1503.91,1499.99,1502.35,32150,27415
7/20/2020,12:15,1502.92,1505,1502,1502.67,20809,14945
7/20/2020,12:20,1503.15,1510,1502.79,1509,55997,28845
7/20/2020,12:25,1509.68,1519,1508.6,1517,68044,44339
7/20/2020,12:30,1517,1525.75,1515.12,1525.75,91395,72978
7/20/2020,12:35,1526,1542,1521.11,1541.52,111958,87868
7/20/2020,12:40,1541.3,1565.76,1537.84,1561.29,162353,155842
7/20/2020,12:45,1561.53,1582.75,1557.71,1575.64,192917,160508
7/20/2020,12:50,1576.03,1576.45,1559.23,1564.17,93076,119773
7/20/2020,12:55,1565,1589.01,1564.98,1588.03,137496,112259
7/20/2020,13:00,1588.52,1589.01,1577.46,1582.56,79965,91519
7/20/2020,13:05,1583.59,1595,1577.44,1594.01,109585,109188
7/20/2020,13:10,1594.1,1596,1585.81,1588.5,86085,94338
7/20/2020,13:15,1588,1593,1573.48,1577.5,87939,85364
7/20/2020,13:20,1577.25,1584.85,1575.74,1583.63,73433,72345
7/20/2020,13:25,1584.85,1593.95,1584.26,1592.49,74902,58204
7/20/2020,13:30,1592.75,1593,1581.37,1586.55,51749,54483
7/20/2020,13:35,1587.41,1615,1585.18,1615,142532,103289
7/20/2020,13:40,1614.37,1630,1608.28,1625.83,146484,140535
7/20/2020,13:45,1624.98,1636,1621.61,1624.9,125333,118102
7/20/2020,13:50,1624.33,1625,1615.6,1623.19,56871,68549
7/20/2020,13:55,1624.2,1627,1600.01,1605.19,96425,115872
7/20/2020,14:00,1605,1610.87,1588.72,1594.29,93263,103664
7/20/2020,14:05,1594.72,1603,1587.66,1600.71,72148,67875
7/20/2020,14:10,1600.53,1604.75,1595.53,1602.61,42345,39539
7/20/2020,14:15,1602.45,1618.63,1598,1618.08,86650,62915
7/20/2020,14:20,1618.6,1618.6,1608.1,1609.5,43324,49665
7/20/2020,14:25,1608.63,1612,1602.87,1606,30039,35407
7/20/2020,14:30,1607.46,1617.38,1606.84,1615.09,35287,33002
7/20/2020,14:35,1616.44,1616.98,1610,1614.7,24956,27402
7/20/2020,14:40,1613.56,1613.72,1607.55,1609.49,20530,22306
7/20/2020,14:45,1609.86,1626.26,1608.16,1621.94,68842,46490
7/20/2020,14:50,1621.69,1629,1619.59,1625,62332,53790
7/20/2020,14:55,1624.92,1628,1622.61,1624,41490,38788
7/20/2020,15:00,1625,1636.79,1623,1633.78,82181,74118
7/20/2020,15:05,1633.22,1634.34,1624.66,1629.52,42531,50214
7/20/2020,15:10,1629.94,1633,1625.4,1632.78,48857,40473
7/20/2020,15:15,1633.16,1638.5,1625.4,1632.7,68529,64677
7/20/2020,15:20,1632.63,1643.96,1629.35,1639.58,72352,57025
7/20/2020,15:25,1639.39,1645,1636,1641.65,54703,58606
7/20/2020,15:30,1641.97,1644.01,1636.26,1638.52,39869,39775
7/20/2020,15:35,1638,1643.77,1637,1639.95,32641,35632
7/20/2020,15:40,1639.99,1649,1639.2,1647.84,71649,47451
7/20/2020,15:45,1648,1650,1632.01,1636.59,69227,89301
7/20/2020,15:50,1637.28,1638,1626.44,1635.02,59239,62322
7/20/2020,15:55,1635.97,1647,1633.2,1645,53790,53578
7/20/2020,16:00,1644.82,1647,1640.48,1642.47,82834,72922
7/21/2020,09:35,1639.38,1670.32,1634.27,1666.63,301857,165821
7/21/2020,09:40,1667.67,1675,1638.01,1642,174648,186532
7/21/2020,09:45,1642.21,1652.77,1629.65,1632,131676,142614
7/21/2020,09:50,1632.19,1633.58,1602.08,1613.57,158182,171937
7/21/2020,09:55,1613.66,1640,1604,1639.99,126346,124960
7/21/2020,10:00,1640,1657,1633,1651,126848,111192
7/21/2020,10:05,1651.48,1654.83,1637.92,1646.35,60928,72594
7/21/2020,10:10,1644.51,1647,1630,1631.25,36806,48822
7/21/2020,10:15,1632.17,1638.79,1628,1631.6,46032,49695
7/21/2020,10:20,1634,1650,1632,1646.43,67071,53578
7/21/2020,10:25,1645.25,1648.5,1638,1639.98,28053,40554
7/21/2020,10:30,1639.69,1644,1627.01,1631.51,56312,68502
7/21/2020,10:35,1632.47,1639.2,1628.37,1629.11,36570,45135
7/21/2020,10:40,1629.98,1632.26,1616,1616.49,70007,88449
7/21/2020,10:45,1616,1620.52,1602,1609.1,99813,101161
7/21/2020,10:50,1608,1619.23,1605,1610,59959,67851
7/21/2020,10:55,1611.55,1623,1611.55,1621.97,54024,44521
7/21/2020,11:00,1621,1630,1618.17,1627.65,59373,58864
7/21/2020,11:05,1627.66,1639.47,1627,1634.57,63654,70381
7/21/2020,11:10,1634.28,1636.58,1630.11,1632.17,36490,43592
7/21/2020,11:15,1633.71,1633.71,1618.1,1625.28,41732,46529
7/21/2020,11:20,1625.66,1631.26,1623.01,1625.33,29210,33266
7/21/2020,11:25,1625.42,1628.72,1619.69,1623.8,23166,35764
7/21/2020,11:30,1623.77,1626,1620.63,1622.3,13572,19601
7/21/2020,11:35,1624,1631.85,1623.03,1627.04,35895,31760
7/21/2020,11:40,1627.2,1627.77,1615,1615,31620,43880
7/21/2020,11:45,1615,1618.58,1613,1616.79,24983,21892
7/21/2020,11:50,1617.26,1617.26,1609.04,1611.03,28192,39209
7/21/2020,11:55,1611.27,1615,1609.4,1610.8,29548,34006
7/21/2020,12:00,1610.82,1622,1608,1619.78,57928,54266
7/21/2020,12:05,1620.2,1620.84,1611,1615.11,22580,30607
7/21/2020,12:10,1614.67,1615.6,1610.33,1613.17,12668,21975
7/21/2020,12:15,1613.81,1618,1612.36,1617.49,16998,20253
7/21/2020,12:20,1616.62,1617.48,1612.22,1613.16,18907,24620
7/21/2020,12:25,1613.2,1614.24,1610.59,1613.4,16389,16872
7/21/2020,12:30,1613.47,1618.21,1612.51,1617.58,21052,15602
7/21/2020,12:35,1617.59,1628.68,1616.81,1623.3,62660,58998
7/21/2020,12:40,1623.86,1623.86,1616.49,1619,30738,30098
7/21/2020,12:45,1619.38,1623.35,1615.3,1621.65,23352,19518
7/21/2020,12:50,1622.48,1623.92,1616.06,1616.06,26611,22441
7/21/2020,12:55,1615.75,1616.5,1608.16,1612.04,29933,50308
7/21/2020,13:00,1611.28,1615.22,1611,1614.96,27781,28945
7/21/2020,13:05,1615.04,1615.31,1592,1596,61027,87702
7/21/2020,13:10,1596.71,1599.99,1582.25,1582.25,79091,89385
7/21/2020,13:15,1582,1586.93,1565,1570.01,143514,152711
7/21/2020,13:20,1570,1579,1558,1576.03,86249,93189
7/21/2020,13:25,1576.46,1581.4,1570,1581,57320,48413
7/21/2020,13:30,1579.76,1590.9,1576,1587.39,56616,57106
7/21/2020,13:35,1587.56,1593,1585.01,1586.49,42048,45648
7/21/2020,13:40,1586.24,1589.12,1577.79,1586.55,34244,38787
7/21/2020,13:45,1586.75,1591.57,1583.96,1590.72,34291,31209
7/21/2020,13:50,1590.59,1595.89,1586.75,1592.35,44414,39500
7/21/2020,13:55,1592.22,1594.97,1585.56,1588.02,24859,23622
7/21/2020,14:00,1588.34,1591,1581,1582.88,24986,35457
7/21/2020,14:05,1583.24,1587.49,1582,1583.65,21546,21127
7/21/2020,14:10,1584.48,1598.15,1583.54,1597.9,33642,29911
7/21/2020,14:15,1597.02,1608.6,1596,1604.07,74509,70373
7/21/2020,14:20,1603.12,1605.99,1598.71,1600.02,28557,35487
7/21/2020,14:25,1600.44,1605.81,1599.35,1601.86,26617,27107
7/21/2020,14:30,1601.5,1611.12,1601.5,1610.16,41074,37699
7/21/2020,14:35,1610.4,1610.95,1600,1602.34,34303,36284
7/21/2020,14:40,1602.55,1605.46,1601.14,1602.95,12395,14686
7/21/2020,14:45,1602.5,1603.7,1591,1591.42,31408,42235
7/21/2020,14:50,1592.33,1596.38,1588.75,1596.33,39784,39353
7/21/2020,14:55,1595.04,1596.65,1591.21,1595.22,19259,18491
7/21/2020,15:00,1595.73,1598.8,1593,1594.14,19132,20250
7/21/2020,15:05,1593.48,1593.51,1581.01,1584.06,30069,43599
7/21/2020,15:10,1584.2,1588.2,1575,1576.13,40078,50769
7/21/2020,15:15,1575.45,1577.67,1560.71,1567.91,72846,88759
7/21/2020,15:20,1568,1574.86,1566.05,1573.73,56873,61181
7/21/2020,15:25,1573.58,1580.92,1570.2,1575.89,38857,49683
7/21/2020,15:30,1575.13,1583.6,1572.5,1573.29,46243,45270
7/21/2020,15:35,1573.04,1577.12,1571.02,1571.75,37481,30999
7/21/2020,15:40,1572.86,1573.93,1558.58,1564.33,60201,65424
7/21/2020,15:45,1564.45,1570.86,1562.05,1570.59,37591,35607
7/21/2020,15:50,1570.59,1582.42,1568.79,1580.54,53218,45424
7/21/2020,15:55,1579.43,1579.43,1564,1571.44,52035,60239
7/21/2020,16:00,1571.45,1574.84,1565.09,1567.58,72105,65565
